server,username,status,detail
clouds.server223.com,jacquesmirindi@focusconstruction.cd,invalid,Webmail Login
focusconstruction.cd,jacquesmirindi@focusconstruction.cd,invalid,Webmail Login
focusconstruction.cd,admin@focusconstruction.cd,invalid,Webmail Login
aws.iuphost.com,aematkuriaara@voyants.in,not_2096,aws.iuphost.com
ace.iuphost.com,aematkuriaara@voyants.in,invalid,Webmail Login
ir121.talahost.com,info@vijegan.com,invalid,Webmail Login
vijegan.com,app@vijegan.com,not_2096,vijegan.com
fti.ac.ug,rokot@fti.ac.ug,valid,{'user_used': 'rokot@fti.ac.ug', 'url': 'https://fti.ac.ug:2096/cpsess6405511307/3rdparty/roundcube/?_task=mail&_token=G8x6eT3LjvAcEb0FPcR4UJId5gI8Mlbt', 'submit': 'button'}
ngx304.inmotionhosting.com,gunapalan@unisonups.com,invalid,Webmail Login
box5763.bluehost.com,thasta@iellipse.com,invalid,Webmail Login
languagebridgesolutions.net,zakiriya.hassan@languagebridgesolutions.net,valid,{'user_used': 'zakiriya.hassan@languagebridgesolutions.net', 'url': 'https://languagebridgesolutions.net:2096/cpsess4239993297/3rdparty/roundcube/?_task=mail&_token=plKrMxh0X8knbiCONBHqUoWL0EpIEl5V', 'submit': 'button'}
languagebridgesolutions.net,zakiriya.mohamed@languagebridgesolutions.net,valid,{'user_used': 'zakiriya.mohamed@languagebridgesolutions.net', 'url': 'https://languagebridgesolutions.net:2096/cpsess9708294827/?=undefined&login=1&post_login=940236602613', 'submit': 'button'}
kmkadvocates.com,nyambura@kmkadvocates.com,not_2096,KMK Africa Advocates LLP – Recalibrating the Ethos of Legal Practice
broadwayconsults.com,dominickasozi@broadwayconsults.com,invalid,Webmail Login
brisklineconsults.com,Matovupatrick@brisklineconsults.com,valid,{'user_used': 'Matovupatrick@brisklineconsults.com', 'url': 'https://brisklineconsults.com:2096/cpsess2764563769/3rdparty/roundcube/?_task=mail&_token=MyVnIyqFBmk71oh4g1lbbmKOtb1Wa1A6', 'submit': 'button'}
lapcomercial.com,emmamedina@lapcomercial.com,invalid,Webmail Login
chi-node19.websitehostserver.net,engineer@delsoz.com,not_2096,chi-node19.websitehostserver.net
www.delsoz.com,engineer@delsoz.com,invalid,Webmail Login
www.delsoz.com,engineer@delsoz.com,invalid,Webmail Login
chi-node19.websitehostserver.net,sales@delsoz.com,not_2096,chi-node19.websitehostserver.net
chi-node19.websitehostserver.net,Engineer@delsoz.com,not_2096,chi-node19.websitehostserver.net
p3plcpnl0188.prod.phx3.secureserver.net,engineer@delsoz.com,not_2096,p3plcpnl0188.prod.phx3.secureserver.net
chi-node19.websitehostserver.net,eng.ahmed@delsoz.com,not_2096,chi-node19.websitehostserver.net
pggroupgh.com,daisy.bijoux@pggroupgh.com,invalid,Webmail Login
pggroupgh.com,prince.agyemang@pggroupgh.com,invalid,Webmail Login
khuddam.ng,oyodila@khuddam.ng,invalid,Webmail Login
