username,status,reason
nileshbanjare@gmail.com,unknown,
nilesh_banjare@yahoo.com,invalid,could-not-sign-in
dhanushkakdh@yahoo.com,invalid,could-not-sign-in
bhave.narayan@yahoo.com,invalid,could-not-sign-in
choyike@yahoo.com,needs_2fa,verification-challenge
alayogiraldom@yahoo.com,invalid,could-not-sign-in
sanaurrahmankhan@yahoo.com,invalid,could-not-sign-in
sanaurrahmankhan@yahoo.in,invalid,could-not-sign-in
aougue@yahoo.fr,invalid,could-not-sign-in
omiddevile@yahoo.com,invalid,could-not-sign-in
dhanushkakdh@yahoo.com,invalid,could-not-sign-in
natica864@yahoo.com,invalid,could-not-sign-in
senbeta2@yahoo.com,invalid,could-not-sign-in
liebenbergp@yahoo.com,invalid,could-not-sign-in
kalki45698@yahoo.com,invalid,could-not-sign-in
nick561098@yahoo.co.uk,invalid,could-not-sign-in
nick561098@yahoo.co.uk,invalid,could-not-sign-in
ggnyam@yahoo.com,invalid,could-not-sign-in
mjmaingu@yahoo.com,invalid,could-not-sign-in
alamin_at@yahoo.com,invalid,could-not-sign-in
claired_rn11@yahoo.com,invalid,could-not-sign-in
pangea2018@yahoo.com,not_yahoo,no username field
hasan2mail@yahoo.com,not_yahoo,no username field
ajayarajpn@yahoo.com,invalid,could-not-sign-in
ajayarajpn@yahoo.com,invalid,could-not-sign-in
mdssal@yahoo.com,invalid,could-not-sign-in
janicebrady@ymail.com,invalid,could-not-sign-in
forcocvovmomaz@rambler.ru,needs_2fa,verification-challenge
jeremiahe421@yahoo.com,unknown,
upsmother@yahoo.com,needs_2fa,verification-challenge
solonirinayvesraz@yahoo.com,invalid,could-not-sign-in
gustavo59n@yahoo.com,invalid,could-not-sign-in
hammedlawal2015@yahoo.co.uk,invalid,could-not-sign-in
ibrahimshwan2@yahoo.com,invalid,could-not-sign-in
delsoz.company@yahoo.com,needs_2fa,verification-challenge
delsoz@yahoo.com,invalid,could-not-sign-in
ibrahimshwan2@yahoo.com,invalid,could-not-sign-in
solonirinayvesraz@yahoo.com,invalid,could-not-sign-in
maru.ashok@yahoo.co.in,invalid,could-not-sign-in
